# alias tpec
alias pccu 中國文化大學英國語文學系 <crgael@staff.pccu.edu.tw>, 中國文化大學語文中心 <crgalc@staff.pccu.edu.tw>, 中國文化大學語文中心 <crgatl@staff.pccu.edu.tw>
alias ntue 國北教大兒英系主任 <the@tea.ntue.edu.tw>
alias shu 世新大學英語學系 <dteng@cc.shu.edu.tw>, 世新大學語言視聽教育中心 <language@cc.shu.edu.tw>
alias ym 國立陽明大學通識教育中心 <cge@ym.edu.tw>
alias tmue 臺北市立教育大學英語教學系主任 <lichung@tmue.edu.tw>, 臺北市立教育大學英語教學系 <english@tmue.edu.tw>
alias scu 東吳大學外語學院 <foreign@scu.edu.tw>, 東吳大學英文系主任 <jmklassen@scu.edu.tw>, 東吳大學英文系 <english@scu.edu.tw>, 東吳大學語言中心主任 <colleen@scu.edu.tw>, 東吳大學語言中心 <language@scu.edu.tw>
alias tmu 台北醫學大學通識教育中心主任 <winkey@tmu.edu.tw>
alias ttu 大同大學英文教學組主任 <edwardcn@mail2000.com.tw>, 大同大學英文教學組主任 <edwardcn@ttu.edu.tw>, 大同大學英文教學組 <tsuyoshi@ttu.edu.tw>, 大同大學應用外語系主任 <cherryli@ttu.edu.tw>
alias usc 實踐大學應用外語學系主任 <tchiang@mail.usc.edu.tw>, 實踐大學應用外語學系 <language@mail.usc.edu.tw>, 實踐大學語言一中心 <lang@mail.usc.edu.tw>
alias mcu 銘傳大學應用英語學系主任 <caw207@yahoo.com>, 銘傳大學應用英語學系 <kchu@mcu.edu.tw>, 銘傳大學英語教學組 <english@mcu.edu.tw>, 銘傳大學英語教學中心主任 <ayang1970@hotmail.com> 

Tuesday night

alias ntpu 國立台北大學應用外語學系主任 <wftso@mail.ntpu.edu.tw>, 國立台北大語言中心 <flal@mail.ntpu.edu.tw>, 國立台北大學語言中心主任 <ckliu@mail.ntpu.edu.tw>, 國立台北大語言中心 <lc@mail.ntpu.edu.tw>
alias nccu 國立政治大學外文中心主任 <huang91@nccu.edu.tw>, 國立政治大學外文中心 <flcenter@nccu.edu.tw>, 國立政治大學外國語文學院 <foreign@nccu.edu.tw>, 國立政治大學英國語文學系 <jenchang@nccu.edu.tw>, 國立政治大學英國語文學系 <english@nccu.edu.tw>
alias ntu 國立台灣大學外國語文學系 <forex@ntu.edu.tw>, 國立臺灣大學文學院語文中心 <ntulc@ntu.edu.tw>, 國立台灣大學外語教學暨資源中心 <ntufltc@ntu.edu.tw>, 人語言訓練測驗中心 <coursedir@lttc.ntu.edu.tw>

alias ntnu 國立台灣師範大學外語學系主任 <joanchang@ntnu.edu.tw>, 國立台灣師範大學外語學系 <j120565kimo@yahoo.com.tw>, 國立台灣師範大學外語學系 <jesus@ntnu.edu.tw>, 國立台灣師範大學英語學系主任 <scliang@ntnu.edu.tw>, 國立台灣師範大學英語學系 <english@deps.ntnu.edu.tw>

alias ntou 國立台灣海洋大學外語教學研究中心 <tyhsiao@mail.ntou.edu.tw>

alias tku 淡江大學英國語文學系主任 <rnchtsai@mail.tku.edu.tw>, 淡江大學英國語文學系 <tflx@oa.tku.edu.tw>, 淡江大學成人教育部 <dce@mail.tku.edu.tw>
alias fju 輔仁大學英國語文學系主任 <kate@mail.fju.edu.tw>, 輔仁大學英國語文學系 <D20@mail.fju.edu.tw>, 輔仁大學英國語文學系 <G20@mail.fju.edu.tw>, 輔仁大學英國語文學系 <004617@mail.fju.edu.tw>, 輔仁大學英國語文學系外國語文課程 <026549@mail.fju.edu.tw>
alias hfu 華梵大學外國語文學系 <lf@cc.hfu.edu.tw>
alias mmc 馬偕醫學院全人教育中心 <amber@mmc.edu.tw>
alias ntua 國立臺灣藝術大學通識教育中心 <gec@ntua.edu.tw>

alias fgu 佛光大學外國語言與文化學系主任 <akiyo@mail.ndhu.edu.tw> 佛光大學外國語言與文化學系主任 <tchuang@mail.fgu.edu.tw>, 佛光大學外國語言與文化學系 <flc@mail.fgu.edu.tw>, 佛光大學語文教育中心 <clic@mail.fgu.edu.tw>
alias niu 國立宜蘭大學外國語文學系主任 <ynleung2006@yahoo.com.tw>, 國立宜蘭大學外國語文學系 <cytso@niu.edu.tw>, 國立宜蘭大學外國語文學系 <ylyu@niu.edu.tw>

alias cycu 中原大學應用外國語文學系主管 <angelalu@cycu.edu.tw>, 中原大學應用外國語文學系 <dreaming25@cycu.edu.tw>
alias yzu 元智大學應用外語學系主任 <onghiok@saturn.yzu.edu.tw>, 元智大學應用外語學系 <gachiang@saturn.yzu.edu.tw>
alias ncu 國立中央大學英美語文學系 <eng@cc.ncu.edu.tw>, 國立中央大學英美語文學系 <english@cc.ncu.edu.tw>, 國立中央大學語言中心 <ncu3800@ncu.edu.tw>
alias cgu 長庚大學語文中心主任 <yangc@mail.cgu.edu.tw>, 長庚大學語文中心 <rosa1104@mail.cgu.edu.tw>
alias ntsu 國立體育大學通識教育中心主任 <anne@mail.ntsu.edu.tw>, 國立體育大學通識教育中心主任 <kaiih@mail.ntsu.edu.tw>
alias knu 開南大學應用英語學系主任 <irenesandiego@mail.knu.edu.tw>, 開南大學應用英語學系 <ae@mail.knu.edu.tw>

alias nthu 國立清華大學大學外國語文學系主任 <hcliu@mx.nthu.edu.tw>, 國立清華大學大學外國語文學系 <pichuan@mx.nthu.edu.tw>, 清華大學語言中心主任 <irusu@mx.nthu.edu.tw>, 清華大學語言中心 <language@my.nthu.edu.tw>
alias nctu 國立交通大學英語教學研究所主任 <shiouwen@mail.nctu.edu.tw>, 國立交通大學英語教學研究所 <dwtit@mail.nctu.edu.tw>, 國立交通大學外國語文學系主任 <ericyu@mail.nctu.edu.tw>, 國立交通大學外國語文學系 <luyingchen@mail.nctu.edu.tw>, 國立交通大學語言教學與研究中心 <ltrc@mail.nctu.edu.tw>
alias nhcue 國立新竹教育大學英語教學系主任 <wluo@mail.nhcue.edu.tw>, 國立新竹教育大學英語教學系 <doei@mail.nhcue.edu.tw>
alias chu 中華大學外國語文學系主任 <bob@chu.edu.tw>, 中華大學外國語文學系 <floffice@chu.edu.tw>, 中華大學語言中心 <Ireneulle@chu.edu.tw>
alias hcu 玄奘大學外國語學系主任 <y4118@ms35.hinet.net>, 玄奘大學外國語學系助理 <wepe@wmail.hcu.edu.tw>

alias nuu 國立聯合大學語文中心應用外語系 <hfcheng@nuu.edu.tw>, 國立聯合大學語文中心 <lctc@nuu.edu.tw>

alias nchu 國立中興大學外國語文學系主任 <yfchang@dragon.nchu.edu.tw>, 國立中興大學外國語文學系 <foreign@dragon.nchu.edu.tw>, 國立中興大學通識教育中心 <cah@dragon.nchu.edu.tw>
alias thu 東海大學外國語文學系主任 <hvynck@thu.edu.tw>,  東海大學外國語文學系 <flld@thu.edu.tw>,  東海大學外英語中心主任 <sims@thu.edu.tw>,  東海大學英語中心 <elc@thu.edu.tw>
alias cmu 中國醫藥大學通識教育中心主任 <smtzei@mail.cmu.edu.tw>, 中國醫藥大學通識教育中心 <aca48@mail.cmu.edu.tw>
alias fcu 逢甲大學外國語文學系主任 <lclee@fcu.edu.tw>, 逢甲大學外國語文學系 <fmpeng@fcu.edu.tw>, 逢甲大學語言教學中心主任 <kmavicca@ms2.hinet.net>, 逢甲大學語言教學中心 <fculc@fcu.edu.tw>
alias csmu 中山醫學大學應用語言學系主任 <yhuei@csmu.edu.tw>, 中山醫學大學應用語言學系 <cs17126@csmu.edu.tw>

Thursday



alias ukn 康寧大學應用外語學系主任 <chingya@mail.ukn.edu.tw>, 康寧大學應用外語學系 <afl@ukn.edu.tw>
alias tsu 台灣首府大學應用英語學系主任 <maruko@mail.tsu.edu.tw>, 台灣首府大學應用英語學系 <AFL@tsu.edu.tw>
alias nqu 國立金門大學應用英語系主任 <timfan39@ms39.hinet.net>

alias ncku 國立成功大學外國語文學系 <em52200@email.ncku.edu.tw>, 國立成功大學語言中心外文組 <em52020@email.ncku.edu.tw>, http://www.ncku.edu.tw
# alias nsysu 國立中山大學外國語文學系 <hsinya@mail.nsysu.edu.tw>, 國立中山大學外國語文訓練中心 <fltc@mail.nsysu.edu.tw>, 國立中山大學人事室 <ope@mail.nsysu.edu.tw>, http://www.nsysu.edu.tw
alias ccu 國立中正大學外國語文學系 <folfmc@ccu.edu.tw>, 國立中正大學語言中心 <deptclc@ccu.edu.tw>, http://www.ccu.edu.tw
alias nknu 國立高雄師範大學英語學系 <t1225@nknucc.nknu.edu.tw>, http://www.nknu.edu.tw
alias ncue 國立彰化師範大學英語學系 <smchang@cc.ncue.edu.tw>, http://www.ncue.edu.tw
alias ncyu 國立嘉義大學外國語言學系 <dfl@mail.ncyu.edu.tw>, 國立嘉義大學語言中心 <lgc@mail.ncyu.edu.tw>, http://www.ncyu.edu.tw
alias nuk 國立高雄大學西洋語文學系 <kutawa@nuk.edu.tw>, http://www.nuk.edu.tw
alias ndhu 國立東華大學英美語文學系 <cskwo@mail.ndhu.edu.tw>, http://www.ndhu.edu.tw
alias ncnu 國立暨南國際大學外國語文學系 <paulchow@ncnu.edu.tw>, http://www.ncnu.edu.tw
alias nttu 國立台東大學英美語文學系 <hdwi@nttu.edu.tw>, http://www.nttu.edu.tw
alias nutn 國立台南大學英美語文學系 <leah@mail.nutn.edu.tw>, 國立台南大學語文中心 <ccjing@mail.nutn.edu.tw>, http://www.nutn.edu.tw
alias pu 靜宜大學英國語文學系 <clluo@pu.edu.tw>, http://www.pu.edu.tw

cgu Jiayi alias joe "Shih-Guey Joe" <emacad@mail.tut.edu.tw>, "Joe Shih-guey" <td0060@mail.tut.edu.tw> # Shih-guey Joe. (長庚技術學院通識教育組Center of General Education,
alias dyu 大葉大學外語學院 <fl2005@mail.dyu.edu.tw>, http://www.dyu.edu.tw
alias isu 義守大學應用英語學系 <yrtsai@isu.edu.tw>, 義守大學應用英語學系 Jocelyn Tsai <cytsai@isu.edu.tw>, http://www.isu.edu.tw
alias kmu 高雄醫學大學語言教學中心 <lc@kmu.edu.tw>, http://www.kmu.edu.tw
alias nhu 南華大學語文教學中心 <shchen@mail.nhu.edu.tw>, http://www.nhu.edu.tw
alias au 真理大學英美文學系 <linsh@email.au.edu.tw>, 真理大學應用英語學系 <au4284@mail1.mt.au.edu.tw>, http://www.au.edu.tw
alias tcu 慈濟大學英美語文學系 <timku88@mail.tcu.edu.tw>, 慈濟大學語言教學中心 <yunchi@mail.tcu.edu.tw>,  http://www.tcu.edu.tw
alias cjcu 長榮大學語文教育中心主任 <tschuel@mail.cjcu.edu.tw>, 長榮大學語文教育中心 <language@mail.cjcu.edu.tw>, http://www.cjcu.edu.tw
alias asia 亞洲大學應用外語學系 <sharonchang@asia.edu.tw>, http://www.asia.edu.tw
alias mdu 明道大學應用英語學系 <gracewu0817@mdu.edu.tw>, 明道大學應用英語學系董家安主任 <doongja@mdu.edu.tw>
