alias cust 中華科技大學通識教育中心 <yeuan@cc.cust.edu.tw>, 中華科技大學語言中心 <language@www.cust.edu.tw>
alias nkut 南開科技大學應用外語科主任 <cindyc@nkut.edu.tw>, 南開科技大學院應用外語 <afl_nkut@nkut.edu.tw>, 南開技術學院應用外語科 <sonia@nkut.edu.tw>
alias njtc 南榮技術學院應用外語科英文組主任范秀娟 <djinnfan@mail.njtc.edu.tw>, 南榮技術學院應用外語科英文組 <njle@mail.njtc.edu.tw>
alias fit 蘭陽技術學院應用外語系(科)主任王曉雯 <sophwang@mail.fit.edu.tw>
alias hust 修平技術學院應用英語系主任 <tliou@mail.hust.edu.tw>, 修平技術學院應用英語系 <dechen@mail.hust.edu.tw>
alias meiho 美和科技大學應用外語系主任 <x00003050@meiho.edu.tw>, 美和科技大學應用外語系 <x00001625@meiho.edu.tw>, 美和科技大學人事室 <x00001548@meiho.edu.tw>
# alias wfc 吳鳳技術學院應用英語科施耀昇 <y_sheng@mail.wfc.edu.tw>, 吳鳳技術學院應用英語科陳雪珠 <hcchen@mail.wfc.edu.tw>, 吳鳳技術學院應用英語科 <wwwfl@mail.wfc.edu.tw>
alias twu 環球科技大學應用外語科主任 <simonchang@mail.twu.edu.tw>, 環球科技大學應用外語科 <dafloffice@gmail.com>
# alias ccut 中州技術學院應用外語系 <dafl691@dragon.ccut.edu.tw>
alias tnu 東南科技大學應用英語系主任 <ipho@mail.tnu.edu.tw>, 東南科技大學應用英語系 <tseng111@mail.tnit.edu.tw>
alias tpcu 台北城市科技大學院應用外語系主任 <q7301@tpcu.edu.tw>, 台北城市科技大學院應用外語系 <q7300@tpcu.edu.tw>
alias takming 德明科技大學應用外語系黃宣穎主任 <hsy@takming.edu.tw>, 德明科技大學應用外語系 <aflchif@takming.edu.tw>, 德明技術學院應用外語系_ <dcwang@takming.edu.tw>
alias ydu 育達商業科技大學應用英語系主任 <tjchen@ydu.edu.tw>, 育達商業科技大學應用英語系 <aen@ydu.edu.tw>, 育達商業科技大學應用英語系張玉萍助理教授 <yptexas@ydu.edu.tw>
alias arthur 時序東 <artim@ydu.edu.tw>
alias thit 大華技術學院應用外語系主任 <myfanyi@thit.edu.tw>, 大華技術學院應用外語系主任 <aflchair@thit.edu.tw>, 大華技術學院應用外語系 <afl@.thit.edu.tw>
alias nkuht 國立高雄餐旅大學應用外語系主任 <wumc@mail.nkuht.edu.tw>, 國立高雄餐旅大學應用外語系 <antonia0411@mail.nkuht.edu.tw>
alias nutc 國立臺中科技大學應用英語系主任 <lisahsu@ntit.edu.tw>, 國立臺中科技大學應用英語系 <fl@ntit.edu.tw>
alias ncut 國立勤益科技大學用英語系 <eng@ncut.edu.tw>, 國立勤益科技大學語文中心主任陳樹信 <shchan@ncut.edu.tw>, 國立勤益科技大學人事室 <personel@ncut.edu.tw>
alias ocu 僑光科技大學 應用外語系科 <afl@ocu.edu.tw>, 僑光科技大學 語言中心 <language@ocu.edu.tw>, 僑光科技大學人事室 <personnel@ocu.edu.tw>

alias 0022 國立台灣科技大學應用外語系 <afl@mail.ntust.edu.tw>, 國立台灣科技大學人事室主任 Huey-Fen Chen <chfi@mail.ntust.edu.tw>
alias 0023 國立雲林科技大學應用外語系 <uhe@yuntech.edu.tw>, 國立雲林科技大學語文中心 <leecy@yuntech.edu.tw>, 國立雲林科技大學語文中心 <chouyc@yuntech.edu.tw>, 國立雲林科技大學人事室 <aex@yuntech.edu.tw>
alias 0024 國立屏東科技大學應用外語系主任黃金誠 <cchuang@mail.npust.edu.tw>, 國立屏東科技大學人事室主任洪淑姜 <chiang@mail.npust.edu.tw>
alias 0025 國立台北科技大學應用英文系系楊韻華系主任 <yhyang@ntut.edu.tw>, 國立台北科技大學人事室人事任免組組長陳嘉惠 <chiahui@ntut.edu.tw>
alias 0026 國立高雄第一科技大學外語學院院長張金塗 <kingto@ccms.nkfust.edu.tw>, 國立高雄第一科技大學應用外英系系主任陳其芬 <emchen@exchange.nkfust.edu.tw>, 國立高雄第一科技大學人事室主任朱筱麗 <shaioli@nkfust.edu.tw>
alias 0027 國立高雄應用科技大學應用外語系系主任 Shih-Jen Huang <ufpadata@cc.kuas.edu.tw>,國立高雄應用科技大學應用外語系 <kcofficeo1@cc.kuas.edu.tw>, 國立高雄應用科技大學人事室 <gaoffice01@cc.kuas.edu.tw>
alias 0033 國立虎尾科技大學應用外語系 <afl@nfu.edu.tw>, 國立虎尾科技大學語言教學中心 <ltc@nfu.edu.tw>, 國立虎尾科技大學人事室 <personel@nfu.edu.tw>
alias 0034 國立高雄海洋科技大學外語教育中心主任蔣忠益 <s2409@mail.nkmu.edu.tw>, 國立高雄海洋科技大學人事室主任 <east@webmail.nkmu.edu.tw>
alias 0042 國立澎湖科技大學應用外語學系系主任姚慧美 <jessyhm@npu.edu.tw>, 國立澎湖科技大學人事室 <samuel@npu.edu.tw>
alias 0043 國立勤益科技大學應用英語系 <eng@chinyi.ncut.edu.tw>, 國立勤益科技大學人事室 <personel@ncut.edu.tw>
alias 1018 朝陽科技大學應用外語系(所) <afl@cyut.edu.tw>, 朝陽科技大學語言中心 <flc@cyut.edu.tw>, 朝陽科技大學語文中心 <afl@cyut.edu.tw>, 朝陽科技大學人事室 <pe@cyut.edu.tw>, 
alias 1023 南台科技大學英語系主任 Victor Shen <victorshen2009@mail.stut.edu.tw>, 南台科技大學語文中心主任黃大夫 <dfjhuang@mail.stut.edu.tw>, 南台科技大學人事室主任丁文生 <pers@mail.stut.edu.tw>
alias 1024 崑山科技大學應用英語系主任林泰安 <ltal@mail.ksu.edu.tw>, 崑山科技大學語文中心主任楊志芳 <engchair@mail.ksu.edu.tw>, 崑山科技大學人事室主任范盛保 <podir@mail.ksu.edu.tw>
alias 1025 嘉南藥理科技大學應用外語系學士班主任沈麗璧 <box480@mail.chna.edu.tw>, 嘉南藥理科技大學語文中心主任沈麗璧 <box480@mail.chna.edu.tw>, 嘉南藥理科技大學人事室 <box187@mail.chna.edu.tw>
alias 1026 樹德科技大學應用外語系主任段惠珍 <jtuan@mail.stu.edu.tw>, 樹德科技大學應用外語系 <itwang@stu.edu.tw>, 樹德科技大學人事室主任陳協勝 <nhikb@mail.stu.edu.tw>
alias 1030 龍華科技大學應用外語系 <fl@mail.lhu.edu.tw>, 龍華科技大學人事室 <pe@mail.lhu.edu.tw>
alias 1031 輔英科技大學應用外語系 <dfl@mail.fy.edu.tw>, 輔英科技大學人事室 <ho@mail.fy.edu.tw>
alias 1032 明新科技大學應用外語系主任 Peter Shia <cshsia@must.edu.tw>, 明新科技大學應用外語中心主任陳彩玉 <joycec@must.edu.tw>, 明新科技大學人事室主任洪永治 <acd@must.edu.tw>
alias 1034 弘光科技大學應用外語系 <afl@web.hk.edu.tw>, 弘光科技大學人事室 <po@web.hk.edu.tw>
alias 1036 清雲科技大學應用外語系主任廖梨月 <ninaliao@cyu.edu.tw>, 清雲科技大學人事室 <personnel@cyu.edu.tw>
alias 1037 正修科技大學應用外語系 <doafl@csu.edu.tw>, 正修科技大學語文中心 <llc724@csu.edu.tw>, 正修科技大學人事室主任紀世訓 <Sefen@csu.edu.tw>, person@csu.edu.tw
alias 1038 萬能科技大學英語教學中心主任杜敏超 <edgar@mail.vnu.edu.tw>, 萬能科技大學人事室主任謝智穎 <cishieh@mail.vnu.edu.tw>
alias 1040 建國科技大學應用外語系 <afl@ctu.edu.tw>, 建國科技大學應用外語系主任 Fei-Hsuan Liao <fhliao@ctu.edu.tw>, 建國科技大學人事室主任白宏堯 <phy@ctu.edu.tw>
alias 1041 明志科技大學通識教育中心 <cyinjin@mail.mcut.edu.tw>, 明志科技大學通識教育中心主任林立仁 <lljen@mail.mcut.edu.tw>, 明志科技大學人事主任游淑萍 <spyu@mail.mcut.edu.tw>
alias 1042 高苑科技大學應用外語系主任孔長江 <afld@cc.kyu.edu.tw>, 高苑科技大學人事室 <pnoffice@cc.kyu.edu.tw>
alias 1043 大仁科技大學應用外語系 <ycs95@mail.tajen.edu.tw>, 大仁科技大學人事室主任蔡沂芝 <yctsa@mail.tajen.edu.tw>
alias 1044 聖約翰科技大學應用英語系主任鄭冠榮 <kjcheng@mail.sju.edu.tw>, 聖約翰科技大學應用英語系 <daesbest@mail.sju.edu.tw>, 聖約翰科技大學人事室主任竟~宏 <phhsu99@mail.sju.edu.tw>
alias 1045 嶺東科技大學應用外語系主任 Connie Sung <lcsung@teamail.ltu.edu.tw>, 嶺東科技大學應用外語系 <ltu3560@teamail.ltu.edu.tw>, 嶺東科技大學人事室 <ltu2100@teamail.ltu.edu.tw>
alias 1046 中國科技大學應用英語系主任范秀嬌 <sallyfan28@cute.edu.tw>, 中國科技大學人事室主任林立韙 <davlin@cute.edu.tw>
alias 1047 中台科技大學應用外語系張曉玲主任 <hlchang@ctust.edu.tw>, 中台科技大學應用外語系 <s0101@ctust.edu.tw>, 中台科技大學語文中心白小俐主任 <slpai@ctust.edu.tw>, 中台科技大學文中心 <s0101@ctust.edu.tw>, 中台科技大學人事室 <h0100@ctust.edu.tw>

alias 1051 台南科技大學 應用外語系科 主任 徐良鳳 <emengl@mail.tut.edu.tw>, 台南科技大學 人事室主任 趙果智 <empers@mail.tut.edu.tw>
alias 1052 遠東科技大學觀光英語系主任卜令楨 <pollypu@gmail.com>, 遠東科技大學觀光英語系 <TEnglish@cc.feu.edu.tw>, 遠東科技大學人事室 <fecpoa93@cc.feu.edu.tw>
alias 1053 元培科技大學應用英語系 <english@mail.ypu.edu.tw>, 元培科技大學語文中心 <langcenter@mail.ypu.edu.tw>, 元培科技大學人事室 <people@mail.ypu.edu.tw>
alias 1054 景文科技大學用英語系 <appendep@just.edu.tw>, 景文科技大學語文中心 <langcenter@just.edu.tw>, 景文科技大學 人事室 主任 羅珠蓮 <personnel@just.edu.tw>

alias 1055 中華醫事科技大學通識教育中心 <ge350@mail.hwai.edu.tw>, 中華醫事科技大學人事室主任林成吉 <person@mail.hwai.edu.tw>
